id,record_type,view_id,row_id,column_id,capability_refs,need,operation,outcome,implementation_status,standing,source_refs,code_refs,test_refs,account_ref,relation,coverage,extensions,question
cap.workcell.discovery,capability,,,,[],Know which material capabilities are available here,discover; providers; status; doctor,Structured provider offers and local readiness,Observed in selected native CLI tests,agent-inference,docs/WAYFINDER.md,crates/workcell-cli/src/bin/workcell.rs,crates/workcell-cli/tests/cli.rs,workcell.html#q0/need,,,"{""basis"": ""Source-recovered capability account; original verification limits retained in Markdown."", ""cli_commands"": [""status"", ""discover"", ""providers"", ""doctor""], ""cli_exposure"": {""kind"": ""direct"", ""reason"": ""The top-level commands directly return local readiness, offers, provider inventory, and baseline diagnostics.""}, ""converted_from_sha256"": ""de34514a63382d808794e42728a3b1212ccd224b09b4220837c0e0e3fde0db2e"", ""maintenance"": {""change_refs"": [""codex:thread:01a07608-d2ec-7b10-9713-74c445adf8a5"", ""docs/WAYFINDER.md"", ""ticket:43"", ""reconcile:workcell-pr-60""], ""code_basis"": {""crates/workcell-cli/src/bin/workcell.rs"": ""67c762429b371bf66bd699631517e22ad2db6341753d74c0fb0150cc26e43a5a""}, ""updated_at"": ""2026-09-08""}, ""last_reconciled_at"": ""2026-09-08T11:58:31.404727+00:00""}",
cap.workcell.planning,capability,,,,[],Determine whether requested conditions can be met before allocation,plan ExecutionDemand against offers and necessity,"Feasible allocation or explicit required failure, degradation and omission",Observed required/preferred local planning; broader composition source-inspected,agent-inference,docs/ARCHITECTURE.md,crates/workcell-core/src/contract/planning.rs,crates/workcell-core/tests/planning_degradation.rs;crates/workcell-cli/tests/cli.rs,workcell.html#q1/requirements,,,"{""basis"": ""Source-recovered capability account; original verification limits retained in Markdown."", ""cli_commands"": [""plan""], ""cli_exposure"": {""kind"": ""direct"", ""reason"": ""The top-level plan command parses an ExecutionDemand and returns a materialisation plan.""}, ""converted_from_sha256"": ""de34514a63382d808794e42728a3b1212ccd224b09b4220837c0e0e3fde0db2e"", ""maintenance"": {""change_refs"": [""codex:thread:01a07608-d2ec-7b10-9713-74c445adf8a5"", ""docs/WAYFINDER.md"", ""ticket:43"", ""reconcile:workcell-pr-60""], ""code_basis"": {""crates/workcell-core/src/contract/planning.rs"": ""543746d47369b0cf8ce27d40e186318524461acdbe01d7c34b1648c50d15006f""}, ""updated_at"": ""2026-09-08""}, ""last_reconciled_at"": ""2026-09-08T11:58:31.404727+00:00""}",
cap.workcell.cli,capability,,,,[],Operate material worlds from human and Agent tools,Native local and remote CLI operations with structured output,Usable material operations across process boundaries,Observed local and remote CLI tests,agent-inference,docs/WAYFINDER.md,crates/workcell-cli/src/bin/workcell_entry.rs;crates/workcell-cli/src/bin/workcell.rs,crates/workcell-cli/tests/cli.rs;crates/workcell-cli/tests/remote_cli.rs,workcell.html#q1/product,,,"{""basis"": ""Source-recovered capability account; original verification limits retained in Markdown."", ""cli_commands"": [""status"", ""discover"", ""plan"", ""prepare"", ""observe"", ""expose"", ""collect"", ""release"", ""reconcile"", ""providers"", ""doctor""], ""cli_exposure"": {""kind"": ""direct"", ""reason"": ""This capability is the native command surface itself.""}, ""converted_from_sha256"": ""de34514a63382d808794e42728a3b1212ccd224b09b4220837c0e0e3fde0db2e"", ""maintenance"": {""change_refs"": [""codex:thread:01a07608-d2ec-7b10-9713-74c445adf8a5"", ""docs/WAYFINDER.md"", ""ticket:43"", ""reconcile:workcell-pr-60""], ""code_basis"": {""crates/workcell-cli/src/bin/workcell.rs"": ""67c762429b371bf66bd699631517e22ad2db6341753d74c0fb0150cc26e43a5a"", ""crates/workcell-cli/src/bin/workcell_entry.rs"": ""20c1a9d755a8db5730f2847845ed7cd690ed32e9ece8ce9795cf888ab4c626e8""}, ""updated_at"": ""2026-09-08""}, ""last_reconciled_at"": ""2026-09-08T11:58:31.404727+00:00""}",
cap.workcell.local-world,capability,,,,[],Begin work on an ordinary computer,"CollapsedLocalWorkcell prepares host execution, directory workspace and artifact channels",A usable local material world and durable receipt,Observed in collapsed_local and CLI tests,agent-inference,docs/DEPLOYMENT-PROFILES.md,crates/workcell-runtime/src/local.rs,crates/workcell-runtime/tests/collapsed_local.rs,workcell.html#q2/local-journey,,,"{""basis"": ""Source-recovered capability account; original verification limits retained in Markdown."", ""cli_commands"": [""prepare""], ""cli_exposure"": {""kind"": ""direct"", ""reason"": ""The collapsed-local prepare path materialises the local world and persists its receipt.""}, ""converted_from_sha256"": ""de34514a63382d808794e42728a3b1212ccd224b09b4220837c0e0e3fde0db2e"", ""maintenance"": {""change_refs"": [""codex:thread:01a07608-d2ec-7b10-9713-74c445adf8a5"", ""docs/WAYFINDER.md"", ""ticket:43"", ""reconcile:workcell-pr-60""], ""code_basis"": {""crates/workcell-runtime/src/local.rs"": ""aaf9c45b35b345e0d6ba1147fcfabb596a657666dee656a70aefbc13f4c3d0aa""}, ""updated_at"": ""2026-09-08""}, ""last_reconciled_at"": ""2026-09-08T11:58:31.404727+00:00""}",
cap.workcell.workspace,capability,,,,[],Work with source at the intended revision and access mode,"Directory or Git worktree workspace prepare, observe and release","Material source workspace with revision, access and dirty-state account","Observed real directory, Git and restart tests",agent-inference,docs/ARCHITECTURE.md,crates/workcell-workspace/src/lib.rs,crates/workcell-workspace/tests/directory_provider.rs;crates/workcell-workspace/tests/git_worktree_provider.rs;crates/workcell-workspace/tests/restart_recovery.rs,workcell.html#q2/local-journey,,,"{""basis"": ""Source-recovered capability account; original verification limits retained in Markdown."", ""cli_commands"": [""prepare"", ""observe"", ""release""], ""cli_exposure"": {""kind"": ""composed"", ""reason"": ""These commands operate the workspace as one binding in a material world; no workspace-only leaf command exists.""}, ""converted_from_sha256"": ""de34514a63382d808794e42728a3b1212ccd224b09b4220837c0e0e3fde0db2e"", ""maintenance"": {""change_refs"": [""codex:thread:01a07608-d2ec-7b10-9713-74c445adf8a5"", ""docs/WAYFINDER.md"", ""ticket:43"", ""reconcile:workcell-pr-60""], ""code_basis"": {""crates/workcell-workspace/src/lib.rs"": ""7dac059378256629975290ee4f6fcc87acec89bc385fabb6a313580162473c05""}, ""updated_at"": ""2026-09-08""}, ""last_reconciled_at"": ""2026-09-08T11:58:31.404727+00:00""}",
cap.workcell.bindings,capability,,,,[],Inspect which resources jointly realise a demand,compose_world and BindingGraph construction,Stable material-world relation with caller and provider provenance,Source-inspected; local world construction exercised in selected tests,agent-inference,docs/ARCHITECTURE.md,crates/workcell-core/src/world/compose.rs,crates/workcell-core/tests/material_world.rs,workcell.html#q1/world,,,"{""basis"": ""Source-recovered capability account; original verification limits retained in Markdown."", ""cli_commands"": [""prepare"", ""observe""], ""cli_exposure"": {""kind"": ""composed"", ""reason"": ""Preparation returns composed bindings and observation reads them; the CLI has no BindingGraph-only leaf command.""}, ""converted_from_sha256"": ""de34514a63382d808794e42728a3b1212ccd224b09b4220837c0e0e3fde0db2e"", ""maintenance"": {""change_refs"": [""codex:thread:01a07608-d2ec-7b10-9713-74c445adf8a5"", ""docs/WAYFINDER.md"", ""ticket:43"", ""reconcile:workcell-pr-60""], ""code_basis"": {""crates/workcell-core/src/world/compose.rs"": ""eb24ef29ffb9739d526f2903ff23e91ca8bba1f919d6fc63ddacf3a9e1a14129""}, ""updated_at"": ""2026-09-08""}, ""last_reconciled_at"": ""2026-09-08T11:58:31.404727+00:00""}",
cap.workcell.services,capability,,,,[],Keep a process-backed service reachable and inspectable,ServiceProvider and ManagedHostServiceProvider lifecycle/readiness,Logical service endpoint with material process and health information,Source-inspected; service-specific test suite not run in this pass,agent-inference,docs/CONTROL-SERVICE-AND-AGENT-HOSTING.md,crates/workcell-runtime/src/service.rs;crates/workcell-runtime/src/host.rs,crates/workcell-runtime/tests/managed_host_service.rs;crates/workcell-runtime/tests/hosting_conformance.rs,workcell.html#q2/service-journey,,,"{""basis"": ""Source-recovered capability account; original verification limits retained in Markdown."", ""cli_commands"": [""prepare"", ""observe"", ""release""], ""cli_exposure"": {""kind"": ""composed"", ""reason"": ""Service lifecycle is provider-composed through world operations rather than a service-only leaf command.""}, ""converted_from_sha256"": ""de34514a63382d808794e42728a3b1212ccd224b09b4220837c0e0e3fde0db2e"", ""maintenance"": {""change_refs"": [""codex:thread:01a07608-d2ec-7b10-9713-74c445adf8a5"", ""docs/WAYFINDER.md"", ""ticket:43"", ""reconcile:workcell-pr-60""], ""code_basis"": {""crates/workcell-runtime/src/host.rs"": ""b01293184aa8cde3e84cb3f2e70500ea5699bb17677d261e2e84335bd88715df"", ""crates/workcell-runtime/src/service.rs"": ""9055c902827d54a3b0b90703b7358ee7cdd1429264ab24774a272c2e4a2c99c3""}, ""updated_at"": ""2026-09-08""}, ""last_reconciled_at"": ""2026-09-08T11:58:31.404727+00:00""}",
cap.workcell.observation,capability,,,,[],Know what remains usable in a prepared environment,observe existing world and provider allocations,Live binding observations and unavailable or degraded conditions,Observed local workspace/world paths; wider health cases source-inspected,agent-inference,docs/LIFECYCLE-RECONCILIATION.md,crates/workcell-core/src/world/mod.rs,crates/workcell-core/tests/lifecycle_reconciliation.rs;crates/workcell-runtime/tests/collapsed_local.rs,workcell.html#q0/experience,,,"{""basis"": ""Source-recovered capability account; original verification limits retained in Markdown."", ""cli_commands"": [""observe""], ""cli_exposure"": {""kind"": ""direct"", ""reason"": ""The top-level observe command reads a prepared world from its receipt.""}, ""converted_from_sha256"": ""de34514a63382d808794e42728a3b1212ccd224b09b4220837c0e0e3fde0db2e"", ""maintenance"": {""change_refs"": [""codex:thread:01a07608-d2ec-7b10-9713-74c445adf8a5"", ""docs/WAYFINDER.md"", ""ticket:43"", ""reconcile:workcell-pr-60""], ""code_basis"": {""crates/workcell-core/src/world/mod.rs"": ""8ada2c91cf95ac10bb9003740ab11f8cece99a75163da8256faa10c30176ea7c""}, ""updated_at"": ""2026-09-08""}, ""last_reconciled_at"": ""2026-09-08T11:58:31.404727+00:00""}",
cap.workcell.collection,capability,,,,[],Retain useful material outputs of an activity,collect via artifact/storage provider,Collection bundle pointing to outputs and provenance,Source-inspected; full expose_collect suite not run in this pass,agent-inference,docs/ARCHITECTURE.md,crates/workcell-artifact/src/directory.rs,crates/workcell-runtime/tests/expose_collect.rs,workcell.html#q5/return,,,"{""basis"": ""Source-recovered capability account; original verification limits retained in Markdown."", ""cli_commands"": [""collect""], ""cli_exposure"": {""kind"": ""direct"", ""reason"": ""The top-level collect command collects prepared output channels.""}, ""converted_from_sha256"": ""de34514a63382d808794e42728a3b1212ccd224b09b4220837c0e0e3fde0db2e"", ""maintenance"": {""change_refs"": [""codex:thread:01a07608-d2ec-7b10-9713-74c445adf8a5"", ""docs/WAYFINDER.md"", ""ticket:43"", ""reconcile:workcell-pr-60""], ""code_basis"": {""crates/workcell-artifact/src/directory.rs"": ""2fead2a2a47fc096ec6db5ef445a15878567a198724699857fca4cf50c4b33a6""}, ""updated_at"": ""2026-09-08""}, ""last_reconciled_at"": ""2026-09-08T11:58:31.404727+00:00""}",
cap.workcell.release,capability,,,,[],End or retain an environment with visible consequences,release and retention disposition per binding,Released or preserved material with explicit partial outcomes,Observed local and workspace release; extended lifecycle source-inspected,agent-inference,docs/LIFECYCLE-RECONCILIATION.md,crates/workcell-core/src/world/mod.rs,crates/workcell-core/tests/lifecycle_reconciliation.rs;crates/workcell-runtime/tests/collapsed_local.rs,workcell.html#q2/recovery-journey,,,"{""basis"": ""Source-recovered capability account; original verification limits retained in Markdown."", ""cli_commands"": [""release""], ""cli_exposure"": {""kind"": ""direct"", ""reason"": ""The top-level release command releases or preserves a prepared world.""}, ""converted_from_sha256"": ""de34514a63382d808794e42728a3b1212ccd224b09b4220837c0e0e3fde0db2e"", ""maintenance"": {""change_refs"": [""codex:thread:01a07608-d2ec-7b10-9713-74c445adf8a5"", ""docs/WAYFINDER.md"", ""ticket:43"", ""reconcile:workcell-pr-60""], ""code_basis"": {""crates/workcell-core/src/world/mod.rs"": ""8ada2c91cf95ac10bb9003740ab11f8cece99a75163da8256faa10c30176ea7c""}, ""updated_at"": ""2026-09-08""}, ""last_reconciled_at"": ""2026-09-08T11:58:31.404727+00:00""}",
cap.workcell.reconciliation,capability,,,,[],Compare persisted expectations with current material state,Register durable world and reconcile desired material state,"Explicit missing, stale, recover, resume or rematerialise differences",Source-inspected; workspace restart reconstruction observed,agent-inference,docs/LIFECYCLE-RECONCILIATION.md,crates/workcell-core/src/world/mod.rs,crates/workcell-core/tests/lifecycle_reconciliation.rs;crates/workcell-workspace/tests/restart_recovery.rs,workcell.html#q2/recovery-journey,,,"{""basis"": ""Source-recovered capability account; original verification limits retained in Markdown."", ""cli_commands"": [""reconcile""], ""cli_exposure"": {""kind"": ""direct"", ""reason"": ""The top-level reconcile command compares desired material state with a receipt-backed world.""}, ""converted_from_sha256"": ""de34514a63382d808794e42728a3b1212ccd224b09b4220837c0e0e3fde0db2e"", ""maintenance"": {""change_refs"": [""codex:thread:01a07608-d2ec-7b10-9713-74c445adf8a5"", ""docs/WAYFINDER.md"", ""ticket:43"", ""reconcile:workcell-pr-60""], ""code_basis"": {""crates/workcell-core/src/world/mod.rs"": ""8ada2c91cf95ac10bb9003740ab11f8cece99a75163da8256faa10c30176ea7c""}, ""updated_at"": ""2026-09-08""}, ""last_reconciled_at"": ""2026-09-08T11:58:31.404727+00:00""}",
cap.workcell.remote-control,capability,,,,[],Use the same material operations on a remote Workcell,Authenticated control service and client transport,Native operation results with distinct transport and authentication failures,Observed real local remote-CLI/service tests; physical remote host unrun,agent-inference,docs/CONTROL-SERVICE-AND-AGENT-HOSTING.md,crates/workcell-control/src/service.rs;crates/workcell-control/src/network.rs,crates/workcell-cli/tests/remote_cli.rs;crates/workcell-control/tests/tcp.rs,workcell.html#q4/deployment,,,"{""basis"": ""Source-recovered capability account; original verification limits retained in Markdown."", ""cli_commands"": [""status"", ""discover"", ""plan"", ""prepare"", ""observe"", ""expose"", ""collect"", ""release"", ""reconcile"", ""providers"", ""doctor""], ""cli_exposure"": {""kind"": ""composed"", ""reason"": ""Each listed command is routed through the control service only when --endpoint or its environment default selects a remote backend.""}, ""converted_from_sha256"": ""de34514a63382d808794e42728a3b1212ccd224b09b4220837c0e0e3fde0db2e"", ""maintenance"": {""change_refs"": [""codex:thread:01a07608-d2ec-7b10-9713-74c445adf8a5"", ""docs/WAYFINDER.md"", ""ticket:43"", ""reconcile:workcell-pr-60""], ""code_basis"": {""crates/workcell-control/src/network.rs"": ""9e093acb560a851a73354189bf01ee7ab008edab3aef12b4618cde363866671e"", ""crates/workcell-control/src/service.rs"": ""3d6100feeda385de10310e2903f149b41998b20298d1c9ecda48c02fb61f09ae""}, ""updated_at"": ""2026-09-08""}, ""last_reconciled_at"": ""2026-09-08T11:58:31.404727+00:00""}",
cap.workcell.placement,capability,,,,[],Choose material location without changing client identity,Multi-Workcell offer and placement seam,Placement provenance and provider-neutral demand continuity,Source-inspected; physical multi-host acceptance unrun,agent-inference,docs/MULTI-WORKCELL-PLACEMENT.md,crates/workcell-placement/src/lib.rs,crates/workcell-placement/tests/multi_workcell.rs,workcell.html#q4/deployment,,,"{""basis"": ""Source-recovered capability account; original verification limits retained in Markdown."", ""cli_commands"": [], ""cli_exposure"": {""kind"": ""library"", ""reason"": ""Placement is a library seam; this CLI does not expose a placement-selection leaf command.""}, ""converted_from_sha256"": ""de34514a63382d808794e42728a3b1212ccd224b09b4220837c0e0e3fde0db2e"", ""maintenance"": {""change_refs"": [""codex:thread:01a07608-d2ec-7b10-9713-74c445adf8a5"", ""docs/WAYFINDER.md"", ""ticket:43"", ""reconcile:workcell-pr-60""], ""code_basis"": {""crates/workcell-placement/src/lib.rs"": ""da3215691e70358d81e6de4cc690abfc63d25b4e2e74583343e2241e5248b455""}, ""updated_at"": ""2026-09-08""}, ""last_reconciled_at"": ""2026-09-08T11:58:31.404727+00:00""}",
cap.workcell.connectivity,capability,,,,[],Make logical service relationships materially feasible,Fabric relationship planning and Tailscale reference bindings,"Inspectable reachability, path and policy relations",Source-inspected; live Tailscale and private workstation-server path unrun,agent-inference,docs/CONNECTIVITY-FABRIC.md,crates/workcell-fabric/src/lib.rs;crates/workcell-tailscale/src/lib.rs,crates/workcell-tailscale/tests/aikit_gateway_fabric.rs,workcell.html#q3/access,,,"{""basis"": ""Source-recovered capability account; original verification limits retained in Markdown."", ""cli_commands"": [], ""cli_exposure"": {""kind"": ""library"", ""reason"": ""Fabric and Tailscale bindings are provider/library capabilities without a dedicated current CLI leaf command.""}, ""converted_from_sha256"": ""de34514a63382d808794e42728a3b1212ccd224b09b4220837c0e0e3fde0db2e"", ""maintenance"": {""change_refs"": [""codex:thread:01a07608-d2ec-7b10-9713-74c445adf8a5"", ""docs/WAYFINDER.md"", ""ticket:43"", ""reconcile:workcell-pr-60""], ""code_basis"": {""crates/workcell-fabric/src/lib.rs"": ""d4f68d4f1184b39185218e257eed90052bbc752ad17b81971e8368573fc9d8ce"", ""crates/workcell-tailscale/src/lib.rs"": ""ddb2b8deed2b61f24b73c6c7129786175f98bf808e1ecff26567c4db3b7ed65d""}, ""updated_at"": ""2026-09-08""}, ""last_reconciled_at"": ""2026-09-08T11:58:31.404727+00:00""}",
cap.workcell.candidates,capability,,,,[],Replace a candidate environment while retaining developmental identity,Candidate materialisation adapter using opaque client references,Disposable or retained material bindings related to a stable candidate,Source-inspected; candidate conformance not executed here,agent-inference,docs/CANDIDATE-MATERIALISATION.md,crates/workcell-candidate/src/lib.rs,crates/workcell-candidate/tests/candidate_materialisation.rs,workcell.html#q0/continuity,,,"{""basis"": ""Source-recovered capability account; original verification limits retained in Markdown."", ""cli_commands"": [], ""cli_exposure"": {""kind"": ""library"", ""reason"": ""Candidate materialisation is an adapter/library capability without a dedicated current CLI leaf command.""}, ""converted_from_sha256"": ""de34514a63382d808794e42728a3b1212ccd224b09b4220837c0e0e3fde0db2e"", ""maintenance"": {""change_refs"": [""codex:thread:01a07608-d2ec-7b10-9713-74c445adf8a5"", ""docs/WAYFINDER.md"", ""ticket:43"", ""reconcile:workcell-pr-60""], ""code_basis"": {""crates/workcell-candidate/src/lib.rs"": ""9288041a634b6d609829228326499b7a3401594304b236ff1e51b9f72c4ed377""}, ""updated_at"": ""2026-09-08""}, ""last_reconciled_at"": ""2026-09-08T11:58:31.404727+00:00""}",
cap.workcell.provider-extension,capability,,,,[],Add material capabilities through a public contract,Client/provider SDK contracts and conformance support,Replaceable provider implementations and attributable failures,Source-inspected; SDK conformance not executed here,agent-inference,crates/workcell-sdk/README.md,crates/workcell-sdk/src/lib.rs,crates/workcell-sdk/tests/sdk_conformance.rs,workcell.html#q3/providers,,,"{""basis"": ""Source-recovered capability account; original verification limits retained in Markdown."", ""cli_commands"": [""providers""], ""cli_exposure"": {""kind"": ""composed"", ""reason"": ""providers lists the inventory supplied through the extension contract; provider authoring remains a library capability.""}, ""converted_from_sha256"": ""de34514a63382d808794e42728a3b1212ccd224b09b4220837c0e0e3fde0db2e"", ""maintenance"": {""change_refs"": [""codex:thread:01a07608-d2ec-7b10-9713-74c445adf8a5"", ""docs/WAYFINDER.md"", ""ticket:43"", ""reconcile:workcell-pr-60""], ""code_basis"": {""crates/workcell-sdk/src/lib.rs"": ""fb968235760e31271ee7f09679adbc58358929ec4144ed5dc00f1a506f99a9d8""}, ""updated_at"": ""2026-09-08""}, ""last_reconciled_at"": ""2026-09-08T11:58:31.404727+00:00""}",
cap.workcell.rich-provider,capability,,,,[],"Compose isolated execution, storage and endpoints for a working world",OpenSandbox lifecycle adapter and material composition,Separate bindings with shared physical provenance and native endpoint access,Protocol adapter source-inspected; fixture conformance is not live provider proof,agent-inference,docs/OPENSANDBOX-SOURCE-INTEGRATION.md;../github-recovery-mirror/mirror/Workcell/issues/43.comments.json,crates/workcell-opensandbox/src/composition.rs;crates/workcell-opensandbox/src/project_world.rs,crates/workcell-opensandbox/tests/opensandbox_conformance.rs,workcell.html#q3/access,,,"{""basis"": ""Source-recovered capability account; original verification limits retained in Markdown."", ""cli_commands"": [""prepare"", ""observe"", ""expose"", ""collect"", ""release""], ""cli_exposure"": {""kind"": ""composed"", ""reason"": ""These world commands can use rich providers, but they do not select or prove an OpenSandbox-specific provider.""}, ""converted_from_sha256"": ""de34514a63382d808794e42728a3b1212ccd224b09b4220837c0e0e3fde0db2e"", ""maintenance"": {""change_refs"": [""codex:thread:01a07608-d2ec-7b10-9713-74c445adf8a5"", ""docs/WAYFINDER.md"", ""ticket:43"", ""reconcile:workcell-pr-60""], ""code_basis"": {""crates/workcell-opensandbox/src/composition.rs"": ""5a945f9c935741508d72da20eda675c19351863fb017780d0689a2f27a3efc13"", ""crates/workcell-opensandbox/src/project_world.rs"": ""377c0c3c0d5b7051c7389f0db244bf637925d7d8a2f56976db5193ac0592a8e1""}, ""updated_at"": ""2026-09-08""}, ""last_reconciled_at"": ""2026-09-08T11:58:31.404727+00:00""}",
cap.workcell.checkpoints,capability,,,,[],Handle provider lifetime separately from durable retention,Observe or renew lease and request reusable material checkpoint,Explicit expiry and provider-local restore reference,Source-inspected OpenSandbox protocol implementation; physical restore unrun,agent-inference,docs/OPENSANDBOX-SOURCE-INTEGRATION.md,crates/workcell-opensandbox/src/lib.rs;crates/workcell-core/src/contract/material.rs,crates/workcell-opensandbox/src/lib.rs;crates/workcell-opensandbox/tests/opensandbox_conformance.rs,workcell.html#q2/recovery-journey,,,"{""basis"": ""Source-recovered capability account; original verification limits retained in Markdown."", ""cli_commands"": [], ""cli_exposure"": {""kind"": ""gap"", ""reason"": ""The current help has no checkpoint, lease-renewal, or restore leaf command.""}, ""converted_from_sha256"": ""de34514a63382d808794e42728a3b1212ccd224b09b4220837c0e0e3fde0db2e"", ""maintenance"": {""change_refs"": [""codex:thread:01a07608-d2ec-7b10-9713-74c445adf8a5"", ""docs/WAYFINDER.md"", ""ticket:43"", ""pull:56"", ""suite-change:git-lifecycle-and-product-ground-2026-09-08"", ""reconcile:workcell-pr-60""], ""code_basis"": {""crates/workcell-core/src/contract/material.rs"": ""71d6431c8ac5642e79814af0dae7daa5ffa76fc49b7ee063035e53702c324fb1"", ""crates/workcell-opensandbox/src/lib.rs"": ""786073e8cfb83fa9a1d9e999fee9d3bcc73a6a161dc88e7870221afbb2a8285d""}, ""updated_at"": ""2026-09-08""}, ""last_reconciled_at"": ""2026-09-08T11:58:31.404727+00:00""}",
cap.workcell.credentials,capability,,,,[],Make a credential usable within bounded material access,Secret materialisation and OpenSandbox credential broker adapter,Use-only credential relation with redacted material receipts,Source-inspected; live credential broker acceptance unrun,agent-inference,docs/OPENSANDBOX-SOURCE-INTEGRATION.md,crates/workcell-opensandbox/src/credential.rs;crates/workcell-core/src/secret.rs,crates/workcell-opensandbox/src/credential.rs,workcell.html#q3/access,,,"{""basis"": ""Source-recovered capability account; original verification limits retained in Markdown."", ""cli_commands"": [], ""cli_exposure"": {""kind"": ""gap"", ""reason"": ""The current help has no credential-materialisation leaf command.""}, ""converted_from_sha256"": ""de34514a63382d808794e42728a3b1212ccd224b09b4220837c0e0e3fde0db2e"", ""maintenance"": {""change_refs"": [""codex:thread:01a07608-d2ec-7b10-9713-74c445adf8a5"", ""docs/WAYFINDER.md"", ""ticket:43"", ""reconcile:workcell-pr-60""], ""code_basis"": {""crates/workcell-core/src/secret.rs"": ""d584f1cd980b7bc0318ed51effdb9cb2df86840fec0d4c1288a6287d966adf51"", ""crates/workcell-opensandbox/src/credential.rs"": ""bbd61b0e230169edd460e247839428fe22bbe5e45350722215485e3fc3ef9fcb""}, ""updated_at"": ""2026-09-08""}, ""last_reconciled_at"": ""2026-09-08T11:58:31.404727+00:00""}",
cap.workcell.instance-registry,capability,,,,[],Know which harness processes are materially present and what bounded resource conditions they disclose,"Persist, scan, declare and adopt harness-instance records; observe one bound PID over a bounded interval",A conflict-safe live/stale registry plus an exact-provenance CPU/memory reading with independent unsupported metrics,Observed in native registry/scanner tests and real macOS Codex process usage after actual-executable binding; unsupported metrics remain explicit,agent-inference,README.md;docs/RESOURCE-USAGE.md,crates/workcell-runtime/src/instance_registry.rs;crates/workcell-runtime/src/instance_scan.rs;crates/workcell-runtime/src/instance_projection.rs;crates/workcell-runtime/src/resource_usage.rs;crates/workcell-runtime/src/lib.rs;crates/workcell-cli/src/main.rs,crates/workcell-runtime/src/instance_registry.rs;crates/workcell-runtime/src/instance_scan.rs;crates/workcell-cli/tests/cli.rs,workcell.html#q0/continuity,,,"{""basis"": ""Reconciled against the live HarnessInstance registry and bounded local resource-usage implementation."", ""cli_commands"": [""instances""], ""cli_exposure"": {""kind"": ""direct"", ""reason"": ""The instances command exposes list, show, register, declare, live scan and bounded usage operations.""}, ""maintenance"": {""change_refs"": [""pull:53"", ""pull:54"", ""pull:55"", ""suite-change:git-lifecycle-and-product-ground-2026-09-08"", ""reconcile:workcell-pr-60"", ""workcell:#62"", ""workcell:#65""], ""code_basis"": {""crates/workcell-runtime/src/instance_registry.rs"": ""bea19e93d8d9ebce8e1bda8863a9102ad73975d46f56de7f7a0076b7f7b51213"", ""crates/workcell-runtime/src/instance_scan.rs"": ""d5a978bc5946eb1083af2da11b577e11b252467177836fab73375c5e07e3e396"", ""crates/workcell-runtime/src/instance_projection.rs"": ""a245ea9af0e6fafb72bb05582c167504fe254470d25c9b8981394c85d4325b92"", ""crates/workcell-runtime/src/resource_usage.rs"": ""f9a7e5f89c4fbd1c5647b478a281e509a30255f8797c7939b4159f82b557d825"", ""crates/workcell-runtime/src/lib.rs"": ""0a9bbbf02c8cba26f9ef426c74bb5c771e893ea77d334ef3ae579d6cc9244494"", ""crates/workcell-cli/src/main.rs"": ""2056777851697f29b1c3f0310009bb59bda323d16a29fc96214419c484ac2f20""}, ""updated_at"": ""2026-09-09""}, ""last_reconciled_at"": ""2026-09-09T13:21:33.193543+00:00""}",
cap.workcell.sandbox-reconciliation,capability,,,,[],Keep provider-owned sandboxes aligned with Workcell lease records,List and classify server-side OpenSandbox material; optionally release expired or explicitly selected orphans,An inspectable reconciliation report with idempotent cleanup outcomes,Observed in native reconciliation transport tests; live provider acceptance remains unrun,agent-inference,docs/OPENSANDBOX-SOURCE-INTEGRATION.md,crates/workcell-opensandbox/src/reconcile.rs,crates/workcell-opensandbox/src/reconcile.rs,workcell.html#q2/recovery-journey,,,"{""basis"": ""Reconciled against the server-side sandbox reconciler landed on Workcell main."", ""cli_commands"": [""sandboxes""], ""cli_exposure"": {""kind"": ""direct"", ""reason"": ""The sandboxes reconcile command reports and optionally releases provider-side orphan material.""}, ""maintenance"": {""change_refs"": [""pull:56"", ""suite-change:git-lifecycle-and-product-ground-2026-09-08"", ""reconcile:workcell-pr-60""], ""code_basis"": {""crates/workcell-opensandbox/src/reconcile.rs"": ""cfd4e027dc1d3efc885b03464422b7021453114a900cb6b1b4e504c10c82d3cb""}, ""updated_at"": ""2026-09-08""}, ""last_reconciled_at"": ""2026-09-08T11:58:31.404727+00:00""}",
cap.workcell.model-hosting,capability,,,,[],Supply material conditions for an inference service,"Managed host process/service with readiness, endpoint and resource requirements",A reachable service with client-owned model meaning and explicit lifecycle,Source-inspected; real Ollama/llama.cpp/vLLM physical acceptance unrun,agent-inference,docs/MODEL-SERVING-CONFORMANCE.md,crates/workcell-runtime/src/service.rs;crates/workcell-runtime/src/host.rs,crates/workcell-runtime/tests/model_serving_conformance.rs,workcell.html#q2/service-journey,,,"{""basis"": ""Source-recovered capability account; original verification limits retained in Markdown."", ""cli_commands"": [""prepare"", ""observe"", ""expose"", ""release""], ""cli_exposure"": {""kind"": ""composed"", ""reason"": ""World commands can manage a requested service, but no model-serving-specific leaf command exists.""}, ""converted_from_sha256"": ""de34514a63382d808794e42728a3b1212ccd224b09b4220837c0e0e3fde0db2e"", ""maintenance"": {""change_refs"": [""codex:thread:01a07608-d2ec-7b10-9713-74c445adf8a5"", ""docs/WAYFINDER.md"", ""ticket:43"", ""reconcile:workcell-pr-60""], ""code_basis"": {""crates/workcell-runtime/src/host.rs"": ""b01293184aa8cde3e84cb3f2e70500ea5699bb17677d261e2e84335bd88715df"", ""crates/workcell-runtime/src/service.rs"": ""9055c902827d54a3b0b90703b7358ee7cdd1429264ab24774a272c2e4a2c99c3""}, ""updated_at"": ""2026-09-08""}, ""last_reconciled_at"": ""2026-09-08T11:58:31.404727+00:00""}",
cap.workcell.exposure,capability,,,,[],Reach a prepared application through an appropriate material endpoint,expose through prepared-world provider bindings,Exposure bundle with endpoint and policy-relevant material information,Source-inspected; expose_collect suite not run in this pass,agent-inference,docs/ARCHITECTURE.md,crates/workcell-core/src/world/mod.rs,crates/workcell-runtime/tests/expose_collect.rs,workcell.html#q1/world,,,"{""basis"": ""Source-recovered capability account; original verification limits retained in Markdown."", ""cli_commands"": [""expose""], ""cli_exposure"": {""kind"": ""direct"", ""reason"": ""The top-level expose command resolves prepared exposure surfaces.""}, ""converted_from_sha256"": ""de34514a63382d808794e42728a3b1212ccd224b09b4220837c0e0e3fde0db2e"", ""maintenance"": {""change_refs"": [""codex:thread:01a07608-d2ec-7b10-9713-74c445adf8a5"", ""docs/WAYFINDER.md"", ""ticket:43"", ""reconcile:workcell-pr-60""], ""code_basis"": {""crates/workcell-core/src/world/mod.rs"": ""8ada2c91cf95ac10bb9003740ab11f8cece99a75163da8256faa10c30176ea7c""}, ""updated_at"": ""2026-09-08""}, ""last_reconciled_at"": ""2026-09-08T11:58:31.404727+00:00""}",
H0->H4,relation,suite-relations,H0,H4,[],,,,,agent-inference,O-I:docs/CANONICAL-PRODUCT-FIELD.md|QL-MEF#19(PR),,,,04:ground-materialisation,W,"{""src_product"": ""Central"", ""dst_product"": ""Workcell"", ""ql"": """", ""cf_view"": ""CF5/CF6-field"", ""seam"": ""04:ground-materialisation"", ""defined_in"": ""O-I:docs/CANONICAL-PRODUCT-FIELD.md|QL-MEF#19(PR)"", ""tracked_by"": ""EpiLogos/O-I#29;EpiLogos/Central#24(PR);EpiLogos/Workcell#18(PR)"", ""maintenance"": {""updated_at"": ""2026-09-06"", ""change_refs"": [""codex:thread:01a07608-d2ec-7b10-9713-74c445adf8a5""]}, ""last_reconciled_at"": ""2026-09-06T14:30:24.356014+00:00""}",
H0->A4,relation,suite-relations,H0,A4,[],,,,,agent-inference,O-I:docs/CANONICAL-PRODUCT-FIELD.md|QL-MEF#19(PR),,,,04:ground-materialisation,W,"{""src_product"": ""Central"", ""dst_product"": ""Workcell"", ""ql"": """", ""cf_view"": ""CF5/CF6-field"", ""seam"": ""04:ground-materialisation"", ""defined_in"": ""O-I:docs/CANONICAL-PRODUCT-FIELD.md|QL-MEF#19(PR)"", ""tracked_by"": ""EpiLogos/O-I#29;EpiLogos/Central#24(PR);EpiLogos/Workcell#18(PR)"", ""maintenance"": {""updated_at"": ""2026-09-06"", ""change_refs"": [""codex:thread:01a07608-d2ec-7b10-9713-74c445adf8a5""]}, ""last_reconciled_at"": ""2026-09-06T14:30:24.356014+00:00""}",
H1->H4,relation,suite-relations,H1,H4,[],,,,,agent-inference,O-I:docs/CANONICAL-PRODUCT-FIELD.md|QL-MEF#19(PR),,,,14:agency-embodiment,H,"{""src_product"": ""Actuation"", ""dst_product"": ""Workcell"", ""ql"": ""C2"", ""cf_view"": ""CF5-field"", ""seam"": ""14:agency-embodiment"", ""defined_in"": ""O-I:docs/CANONICAL-PRODUCT-FIELD.md|QL-MEF#19(PR)"", ""tracked_by"": ""EpiLogos/O-I#29;EpiLogos/Actuation#1;EpiLogos/Workcell#18(PR)"", ""maintenance"": {""updated_at"": ""2026-09-06"", ""change_refs"": [""codex:thread:01a07608-d2ec-7b10-9713-74c445adf8a5""]}, ""last_reconciled_at"": ""2026-09-06T14:30:24.356014+00:00""}",
H1->A4,relation,suite-relations,H1,A4,[],,,,,agent-inference,O-I:docs/CANONICAL-PRODUCT-FIELD.md|QL-MEF#19(PR),,,,14:agency-embodiment,H,"{""src_product"": ""Actuation"", ""dst_product"": ""Workcell"", ""ql"": ""D2-complete"", ""cf_view"": ""CF5-field"", ""seam"": ""14:agency-embodiment"", ""defined_in"": ""O-I:docs/CANONICAL-PRODUCT-FIELD.md|QL-MEF#19(PR)"", ""tracked_by"": ""EpiLogos/O-I#29;EpiLogos/Actuation#1;EpiLogos/Workcell#18(PR)"", ""maintenance"": {""updated_at"": ""2026-09-06"", ""change_refs"": [""codex:thread:01a07608-d2ec-7b10-9713-74c445adf8a5""]}, ""last_reconciled_at"": ""2026-09-06T14:30:24.356014+00:00""}",
H2->H4,relation,suite-relations,H2,H4,[],,,,,agent-inference,O-I:docs/CANONICAL-PRODUCT-FIELD.md|QL-MEF#19(PR),,,,24:context-materialisation,S,"{""src_product"": ""AIKit"", ""dst_product"": ""Workcell"", ""ql"": """", ""cf_view"": ""CF5-field"", ""seam"": ""24:context-materialisation"", ""defined_in"": ""O-I:docs/CANONICAL-PRODUCT-FIELD.md|QL-MEF#19(PR)"", ""tracked_by"": ""EpiLogos/O-I#29;EpiLogos/ai-kit#58(PR);EpiLogos/Workcell#18(PR)"", ""maintenance"": {""updated_at"": ""2026-09-06"", ""change_refs"": [""codex:thread:01a07608-d2ec-7b10-9713-74c445adf8a5""]}, ""last_reconciled_at"": ""2026-09-06T14:30:24.356014+00:00""}",
H2->A4,relation,suite-relations,H2,A4,[],,,,,agent-inference,O-I:docs/CANONICAL-PRODUCT-FIELD.md|QL-MEF#19(PR),,,,24:context-materialisation,S,"{""src_product"": ""AIKit"", ""dst_product"": ""Workcell"", ""ql"": """", ""cf_view"": ""CF5-field"", ""seam"": ""24:context-materialisation"", ""defined_in"": ""O-I:docs/CANONICAL-PRODUCT-FIELD.md|QL-MEF#19(PR)"", ""tracked_by"": ""EpiLogos/O-I#29;EpiLogos/ai-kit#58(PR);EpiLogos/Workcell#18(PR)"", ""maintenance"": {""updated_at"": ""2026-09-06"", ""change_refs"": [""codex:thread:01a07608-d2ec-7b10-9713-74c445adf8a5""]}, ""last_reconciled_at"": ""2026-09-06T14:30:24.356014+00:00""}",
H3->H4,relation,suite-relations,H3,H4,[],,,,,agent-inference,O-I:docs/CANONICAL-PRODUCT-FIELD.md|QL-MEF#19(PR),,,,34:development-materialisation,H,"{""src_product"": ""Factory"", ""dst_product"": ""Workcell"", ""ql"": ""B2"", ""cf_view"": ""CF5-field"", ""seam"": ""34:development-materialisation"", ""defined_in"": ""O-I:docs/CANONICAL-PRODUCT-FIELD.md|QL-MEF#19(PR)"", ""tracked_by"": ""EpiLogos/O-I#29;EpiLogos/agent-system-design#142(PR);EpiLogos/Workcell#18(PR)"", ""maintenance"": {""updated_at"": ""2026-09-06"", ""change_refs"": [""codex:thread:01a07608-d2ec-7b10-9713-74c445adf8a5""]}, ""last_reconciled_at"": ""2026-09-06T14:30:24.356014+00:00""}",
H3->A4,relation,suite-relations,H3,A4,[],,,,,agent-inference,O-I:docs/CANONICAL-PRODUCT-FIELD.md|QL-MEF#19(PR),,,,34:development-materialisation,H,"{""src_product"": ""Factory"", ""dst_product"": ""Workcell"", ""ql"": ""D2-transform"", ""cf_view"": ""CF5-field"", ""seam"": ""34:development-materialisation"", ""defined_in"": ""O-I:docs/CANONICAL-PRODUCT-FIELD.md|QL-MEF#19(PR)"", ""tracked_by"": ""EpiLogos/O-I#29;EpiLogos/agent-system-design#142(PR);EpiLogos/Workcell#18(PR)"", ""maintenance"": {""updated_at"": ""2026-09-06"", ""change_refs"": [""codex:thread:01a07608-d2ec-7b10-9713-74c445adf8a5""]}, ""last_reconciled_at"": ""2026-09-06T14:30:24.356014+00:00""}",
H4->H0,relation,suite-relations,H4,H0,[],,,,,agent-inference,O-I:docs/CANONICAL-PRODUCT-FIELD.md|QL-MEF#19(PR),,,,04:ground-materialisation,W,"{""src_product"": ""Workcell"", ""dst_product"": ""Central"", ""ql"": """", ""cf_view"": ""CF5/CF6-field"", ""seam"": ""04:ground-materialisation"", ""defined_in"": ""O-I:docs/CANONICAL-PRODUCT-FIELD.md|QL-MEF#19(PR)"", ""tracked_by"": ""EpiLogos/O-I#29;EpiLogos/Central#24(PR);EpiLogos/Workcell#18(PR)"", ""maintenance"": {""updated_at"": ""2026-09-06"", ""change_refs"": [""codex:thread:01a07608-d2ec-7b10-9713-74c445adf8a5""]}, ""last_reconciled_at"": ""2026-09-06T14:30:24.356014+00:00""}",
H4->H1,relation,suite-relations,H4,H1,[],,,,,agent-inference,O-I:docs/CANONICAL-PRODUCT-FIELD.md|QL-MEF#19(PR),,,,14:agency-embodiment,H,"{""src_product"": ""Workcell"", ""dst_product"": ""Actuation"", ""ql"": ""C2"", ""cf_view"": ""CF5-field"", ""seam"": ""14:agency-embodiment"", ""defined_in"": ""O-I:docs/CANONICAL-PRODUCT-FIELD.md|QL-MEF#19(PR)"", ""tracked_by"": ""EpiLogos/O-I#29;EpiLogos/Actuation#1;EpiLogos/Workcell#18(PR)"", ""maintenance"": {""updated_at"": ""2026-09-06"", ""change_refs"": [""codex:thread:01a07608-d2ec-7b10-9713-74c445adf8a5""]}, ""last_reconciled_at"": ""2026-09-06T14:30:24.356014+00:00""}",
H4->H2,relation,suite-relations,H4,H2,[],,,,,agent-inference,O-I:docs/CANONICAL-PRODUCT-FIELD.md|QL-MEF#19(PR),,,,24:context-materialisation,S,"{""src_product"": ""Workcell"", ""dst_product"": ""AIKit"", ""ql"": """", ""cf_view"": ""CF5-field"", ""seam"": ""24:context-materialisation"", ""defined_in"": ""O-I:docs/CANONICAL-PRODUCT-FIELD.md|QL-MEF#19(PR)"", ""tracked_by"": ""EpiLogos/O-I#29;EpiLogos/ai-kit#58(PR);EpiLogos/Workcell#18(PR)"", ""maintenance"": {""updated_at"": ""2026-09-06"", ""change_refs"": [""codex:thread:01a07608-d2ec-7b10-9713-74c445adf8a5""]}, ""last_reconciled_at"": ""2026-09-06T14:30:24.356014+00:00""}",
H4->H3,relation,suite-relations,H4,H3,[],,,,,agent-inference,O-I:docs/CANONICAL-PRODUCT-FIELD.md|QL-MEF#19(PR),,,,34:development-materialisation,H,"{""src_product"": ""Workcell"", ""dst_product"": ""Factory"", ""ql"": ""B2"", ""cf_view"": ""CF5-field"", ""seam"": ""34:development-materialisation"", ""defined_in"": ""O-I:docs/CANONICAL-PRODUCT-FIELD.md|QL-MEF#19(PR)"", ""tracked_by"": ""EpiLogos/O-I#29;EpiLogos/agent-system-design#142(PR);EpiLogos/Workcell#18(PR)"", ""maintenance"": {""updated_at"": ""2026-09-06"", ""change_refs"": [""codex:thread:01a07608-d2ec-7b10-9713-74c445adf8a5""]}, ""last_reconciled_at"": ""2026-09-06T14:30:24.356014+00:00""}",
H4->H4,relation,suite-relations,H4,H4,[],,,,,agent-inference,O-I:docs/CANONICAL-PRODUCT-FIELD.md|QL-MEF#19(PR),,,,self:Workcell,I,"{""src_product"": ""Workcell"", ""dst_product"": ""Workcell"", ""ql"": """", ""cf_view"": ""CF5-field"", ""seam"": ""self:Workcell"", ""defined_in"": ""O-I:docs/CANONICAL-PRODUCT-FIELD.md|QL-MEF#19(PR)"", ""tracked_by"": ""EpiLogos/O-I#29;EpiLogos/Workcell#18(PR)"", ""maintenance"": {""updated_at"": ""2026-09-06"", ""change_refs"": [""codex:thread:01a07608-d2ec-7b10-9713-74c445adf8a5""]}, ""last_reconciled_at"": ""2026-09-06T14:30:24.356014+00:00""}",
H4->H5,relation,suite-relations,H4,H5,[],,,,,agent-inference,O-I:docs/CANONICAL-PRODUCT-FIELD.md|QL-MEF#19(PR),,,,45:actuality-formal-intelligence,H,"{""src_product"": ""Workcell"", ""dst_product"": ""QL"", ""ql"": ""A3"", ""cf_view"": ""CF5/CF6-field"", ""seam"": ""45:actuality-formal-intelligence"", ""defined_in"": ""O-I:docs/CANONICAL-PRODUCT-FIELD.md|QL-MEF#19(PR)"", ""tracked_by"": ""EpiLogos/O-I#29;EpiLogos/Workcell#18(PR);EpiLogos/QL-MEF#19(PR)"", ""maintenance"": {""updated_at"": ""2026-09-06"", ""change_refs"": [""codex:thread:01a07608-d2ec-7b10-9713-74c445adf8a5""]}, ""last_reconciled_at"": ""2026-09-06T14:30:24.356014+00:00""}",
H4->A0,relation,suite-relations,H4,A0,[],,,,,agent-inference,O-I:docs/CANONICAL-PRODUCT-FIELD.md|QL-MEF#19(PR),,,,04:ground-materialisation,W,"{""src_product"": ""Workcell"", ""dst_product"": ""Central"", ""ql"": """", ""cf_view"": ""CF5/CF6-field"", ""seam"": ""04:ground-materialisation"", ""defined_in"": ""O-I:docs/CANONICAL-PRODUCT-FIELD.md|QL-MEF#19(PR)"", ""tracked_by"": ""EpiLogos/O-I#29;EpiLogos/Central#24(PR);EpiLogos/Workcell#18(PR)"", ""maintenance"": {""updated_at"": ""2026-09-06"", ""change_refs"": [""codex:thread:01a07608-d2ec-7b10-9713-74c445adf8a5""]}, ""last_reconciled_at"": ""2026-09-06T14:30:24.356014+00:00""}",
H4->A1,relation,suite-relations,H4,A1,[],,,,,agent-inference,O-I:docs/CANONICAL-PRODUCT-FIELD.md|QL-MEF#19(PR),,,,14:agency-embodiment,H,"{""src_product"": ""Workcell"", ""dst_product"": ""Actuation"", ""ql"": ""D2-complete"", ""cf_view"": ""CF5-field"", ""seam"": ""14:agency-embodiment"", ""defined_in"": ""O-I:docs/CANONICAL-PRODUCT-FIELD.md|QL-MEF#19(PR)"", ""tracked_by"": ""EpiLogos/O-I#29;EpiLogos/Actuation#1;EpiLogos/Workcell#18(PR)"", ""maintenance"": {""updated_at"": ""2026-09-06"", ""change_refs"": [""codex:thread:01a07608-d2ec-7b10-9713-74c445adf8a5""]}, ""last_reconciled_at"": ""2026-09-06T14:30:24.356014+00:00""}",
H4->A2,relation,suite-relations,H4,A2,[],,,,,agent-inference,O-I:docs/CANONICAL-PRODUCT-FIELD.md|QL-MEF#19(PR),,,,24:context-materialisation,S,"{""src_product"": ""Workcell"", ""dst_product"": ""AIKit"", ""ql"": """", ""cf_view"": ""CF5-field"", ""seam"": ""24:context-materialisation"", ""defined_in"": ""O-I:docs/CANONICAL-PRODUCT-FIELD.md|QL-MEF#19(PR)"", ""tracked_by"": ""EpiLogos/O-I#29;EpiLogos/ai-kit#58(PR);EpiLogos/Workcell#18(PR)"", ""maintenance"": {""updated_at"": ""2026-09-06"", ""change_refs"": [""codex:thread:01a07608-d2ec-7b10-9713-74c445adf8a5""]}, ""last_reconciled_at"": ""2026-09-06T14:30:24.356014+00:00""}",
H4->A3,relation,suite-relations,H4,A3,[],,,,,agent-inference,O-I:docs/CANONICAL-PRODUCT-FIELD.md|QL-MEF#19(PR),,,,34:development-materialisation,H,"{""src_product"": ""Workcell"", ""dst_product"": ""Factory"", ""ql"": ""D2-require"", ""cf_view"": ""CF5-field"", ""seam"": ""34:development-materialisation"", ""defined_in"": ""O-I:docs/CANONICAL-PRODUCT-FIELD.md|QL-MEF#19(PR)"", ""tracked_by"": ""EpiLogos/O-I#29;EpiLogos/agent-system-design#142(PR);EpiLogos/Workcell#18(PR)"", ""maintenance"": {""updated_at"": ""2026-09-06"", ""change_refs"": [""codex:thread:01a07608-d2ec-7b10-9713-74c445adf8a5""]}, ""last_reconciled_at"": ""2026-09-06T14:30:24.356014+00:00""}",
H4->A4,relation,suite-relations,H4,A4,[],,,,,agent-inference,O-I:docs/CANONICAL-PRODUCT-FIELD.md|QL-MEF#19(PR),,,,conjugation:Workcell,H,"{""src_product"": ""Workcell"", ""dst_product"": ""Workcell"", ""ql"": ""D1"", ""cf_view"": ""CF5-field"", ""seam"": ""conjugation:Workcell"", ""defined_in"": ""O-I:docs/CANONICAL-PRODUCT-FIELD.md|QL-MEF#19(PR)"", ""tracked_by"": ""EpiLogos/O-I#29;EpiLogos/Workcell#18(PR)"", ""maintenance"": {""updated_at"": ""2026-09-06"", ""change_refs"": [""codex:thread:01a07608-d2ec-7b10-9713-74c445adf8a5""]}, ""last_reconciled_at"": ""2026-09-06T14:30:24.356014+00:00""}",
H4->A5,relation,suite-relations,H4,A5,[],,,,,agent-inference,O-I:docs/CANONICAL-PRODUCT-FIELD.md|QL-MEF#19(PR),,,,45:actuality-formal-intelligence,H,"{""src_product"": ""Workcell"", ""dst_product"": ""QL"", ""ql"": ""D2-transform"", ""cf_view"": ""CF5/CF6-field"", ""seam"": ""45:actuality-formal-intelligence"", ""defined_in"": ""O-I:docs/CANONICAL-PRODUCT-FIELD.md|QL-MEF#19(PR)"", ""tracked_by"": ""EpiLogos/O-I#29;EpiLogos/Workcell#18(PR);EpiLogos/QL-MEF#19(PR)"", ""maintenance"": {""updated_at"": ""2026-09-06"", ""change_refs"": [""codex:thread:01a07608-d2ec-7b10-9713-74c445adf8a5""]}, ""last_reconciled_at"": ""2026-09-06T14:30:24.356014+00:00""}",
H5->H4,relation,suite-relations,H5,H4,[],,,,,agent-inference,O-I:docs/CANONICAL-PRODUCT-FIELD.md|QL-MEF#19(PR),,,,45:actuality-formal-intelligence,H,"{""src_product"": ""QL"", ""dst_product"": ""Workcell"", ""ql"": ""A3"", ""cf_view"": ""CF5/CF6-field"", ""seam"": ""45:actuality-formal-intelligence"", ""defined_in"": ""O-I:docs/CANONICAL-PRODUCT-FIELD.md|QL-MEF#19(PR)"", ""tracked_by"": ""EpiLogos/O-I#29;EpiLogos/Workcell#18(PR);EpiLogos/QL-MEF#19(PR)"", ""maintenance"": {""updated_at"": ""2026-09-06"", ""change_refs"": [""codex:thread:01a07608-d2ec-7b10-9713-74c445adf8a5""]}, ""last_reconciled_at"": ""2026-09-06T14:30:24.356014+00:00""}",
H5->A4,relation,suite-relations,H5,A4,[],,,,,agent-inference,O-I:docs/CANONICAL-PRODUCT-FIELD.md|QL-MEF#19(PR),,,,45:actuality-formal-intelligence,H,"{""src_product"": ""QL"", ""dst_product"": ""Workcell"", ""ql"": ""D2-require"", ""cf_view"": ""CF5/CF6-field"", ""seam"": ""45:actuality-formal-intelligence"", ""defined_in"": ""O-I:docs/CANONICAL-PRODUCT-FIELD.md|QL-MEF#19(PR)"", ""tracked_by"": ""EpiLogos/O-I#29;EpiLogos/Workcell#18(PR);EpiLogos/QL-MEF#19(PR)"", ""maintenance"": {""updated_at"": ""2026-09-06"", ""change_refs"": [""codex:thread:01a07608-d2ec-7b10-9713-74c445adf8a5""]}, ""last_reconciled_at"": ""2026-09-06T14:30:24.356014+00:00""}",
A0->H4,relation,suite-relations,A0,H4,[],,,,,agent-inference,O-I:docs/CANONICAL-PRODUCT-FIELD.md|QL-MEF#19(PR),,,,04:ground-materialisation,W,"{""src_product"": ""Central"", ""dst_product"": ""Workcell"", ""ql"": """", ""cf_view"": ""CF5/CF6-field"", ""seam"": ""04:ground-materialisation"", ""defined_in"": ""O-I:docs/CANONICAL-PRODUCT-FIELD.md|QL-MEF#19(PR)"", ""tracked_by"": ""EpiLogos/O-I#29;EpiLogos/Central#24(PR);EpiLogos/Workcell#18(PR)"", ""maintenance"": {""updated_at"": ""2026-09-06"", ""change_refs"": [""codex:thread:01a07608-d2ec-7b10-9713-74c445adf8a5""]}, ""last_reconciled_at"": ""2026-09-06T14:30:24.356014+00:00""}",
A0->A4,relation,suite-relations,A0,A4,[],,,,,agent-inference,O-I:docs/CANONICAL-PRODUCT-FIELD.md|QL-MEF#19(PR),,,,04:ground-materialisation,W,"{""src_product"": ""Central"", ""dst_product"": ""Workcell"", ""ql"": """", ""cf_view"": ""CF5/CF6-field"", ""seam"": ""04:ground-materialisation"", ""defined_in"": ""O-I:docs/CANONICAL-PRODUCT-FIELD.md|QL-MEF#19(PR)"", ""tracked_by"": ""EpiLogos/O-I#29;EpiLogos/Central#24(PR);EpiLogos/Workcell#18(PR)"", ""maintenance"": {""updated_at"": ""2026-09-06"", ""change_refs"": [""codex:thread:01a07608-d2ec-7b10-9713-74c445adf8a5""]}, ""last_reconciled_at"": ""2026-09-06T14:30:24.356014+00:00""}",
A1->H4,relation,suite-relations,A1,H4,[],,,,,agent-inference,O-I:docs/CANONICAL-PRODUCT-FIELD.md|QL-MEF#19(PR),,,,14:agency-embodiment,H,"{""src_product"": ""Actuation"", ""dst_product"": ""Workcell"", ""ql"": ""D2-complete.inverse"", ""cf_view"": ""CF5-field"", ""seam"": ""14:agency-embodiment"", ""defined_in"": ""O-I:docs/CANONICAL-PRODUCT-FIELD.md|QL-MEF#19(PR)"", ""tracked_by"": ""EpiLogos/O-I#29;EpiLogos/Actuation#1;EpiLogos/Workcell#18(PR)"", ""maintenance"": {""updated_at"": ""2026-09-06"", ""change_refs"": [""codex:thread:01a07608-d2ec-7b10-9713-74c445adf8a5""]}, ""last_reconciled_at"": ""2026-09-06T14:30:24.356014+00:00""}",
A1->A4,relation,suite-relations,A1,A4,[],,,,,agent-inference,O-I:docs/CANONICAL-PRODUCT-FIELD.md|QL-MEF#19(PR),,,,14:agency-embodiment,H,"{""src_product"": ""Actuation"", ""dst_product"": ""Workcell"", ""ql"": ""D3:C2"", ""cf_view"": ""CF5-field"", ""seam"": ""14:agency-embodiment"", ""defined_in"": ""O-I:docs/CANONICAL-PRODUCT-FIELD.md|QL-MEF#19(PR)"", ""tracked_by"": ""EpiLogos/O-I#29;EpiLogos/Actuation#1;EpiLogos/Workcell#18(PR)"", ""maintenance"": {""updated_at"": ""2026-09-06"", ""change_refs"": [""codex:thread:01a07608-d2ec-7b10-9713-74c445adf8a5""]}, ""last_reconciled_at"": ""2026-09-06T14:30:24.356014+00:00""}",
A2->H4,relation,suite-relations,A2,H4,[],,,,,agent-inference,O-I:docs/CANONICAL-PRODUCT-FIELD.md|QL-MEF#19(PR),,,,24:context-materialisation,S,"{""src_product"": ""AIKit"", ""dst_product"": ""Workcell"", ""ql"": """", ""cf_view"": ""CF5-field"", ""seam"": ""24:context-materialisation"", ""defined_in"": ""O-I:docs/CANONICAL-PRODUCT-FIELD.md|QL-MEF#19(PR)"", ""tracked_by"": ""EpiLogos/O-I#29;EpiLogos/ai-kit#58(PR);EpiLogos/Workcell#18(PR)"", ""maintenance"": {""updated_at"": ""2026-09-06"", ""change_refs"": [""codex:thread:01a07608-d2ec-7b10-9713-74c445adf8a5""]}, ""last_reconciled_at"": ""2026-09-06T14:30:24.356014+00:00""}",
A2->A4,relation,suite-relations,A2,A4,[],,,,,agent-inference,O-I:docs/CANONICAL-PRODUCT-FIELD.md|QL-MEF#19(PR),,,,24:context-materialisation,S,"{""src_product"": ""AIKit"", ""dst_product"": ""Workcell"", ""ql"": """", ""cf_view"": ""CF5-field"", ""seam"": ""24:context-materialisation"", ""defined_in"": ""O-I:docs/CANONICAL-PRODUCT-FIELD.md|QL-MEF#19(PR)"", ""tracked_by"": ""EpiLogos/O-I#29;EpiLogos/ai-kit#58(PR);EpiLogos/Workcell#18(PR)"", ""maintenance"": {""updated_at"": ""2026-09-06"", ""change_refs"": [""codex:thread:01a07608-d2ec-7b10-9713-74c445adf8a5""]}, ""last_reconciled_at"": ""2026-09-06T14:30:24.356014+00:00""}",
A3->H4,relation,suite-relations,A3,H4,[],,,,,agent-inference,O-I:docs/CANONICAL-PRODUCT-FIELD.md|QL-MEF#19(PR),,,,34:development-materialisation,H,"{""src_product"": ""Factory"", ""dst_product"": ""Workcell"", ""ql"": ""D2-require.inverse"", ""cf_view"": ""CF5-field"", ""seam"": ""34:development-materialisation"", ""defined_in"": ""O-I:docs/CANONICAL-PRODUCT-FIELD.md|QL-MEF#19(PR)"", ""tracked_by"": ""EpiLogos/O-I#29;EpiLogos/agent-system-design#142(PR);EpiLogos/Workcell#18(PR)"", ""maintenance"": {""updated_at"": ""2026-09-06"", ""change_refs"": [""codex:thread:01a07608-d2ec-7b10-9713-74c445adf8a5""]}, ""last_reconciled_at"": ""2026-09-06T14:30:24.356014+00:00""}",
A3->A4,relation,suite-relations,A3,A4,[],,,,,agent-inference,O-I:docs/CANONICAL-PRODUCT-FIELD.md|QL-MEF#19(PR),,,,34:development-materialisation,H,"{""src_product"": ""Factory"", ""dst_product"": ""Workcell"", ""ql"": ""D3:B2"", ""cf_view"": ""CF5-field"", ""seam"": ""34:development-materialisation"", ""defined_in"": ""O-I:docs/CANONICAL-PRODUCT-FIELD.md|QL-MEF#19(PR)"", ""tracked_by"": ""EpiLogos/O-I#29;EpiLogos/agent-system-design#142(PR);EpiLogos/Workcell#18(PR)"", ""maintenance"": {""updated_at"": ""2026-09-06"", ""change_refs"": [""codex:thread:01a07608-d2ec-7b10-9713-74c445adf8a5""]}, ""last_reconciled_at"": ""2026-09-06T14:30:24.356014+00:00""}",
A4->H0,relation,suite-relations,A4,H0,[],,,,,agent-inference,O-I:docs/CANONICAL-PRODUCT-FIELD.md|QL-MEF#19(PR),,,,04:ground-materialisation,W,"{""src_product"": ""Workcell"", ""dst_product"": ""Central"", ""ql"": """", ""cf_view"": ""CF5/CF6-field"", ""seam"": ""04:ground-materialisation"", ""defined_in"": ""O-I:docs/CANONICAL-PRODUCT-FIELD.md|QL-MEF#19(PR)"", ""tracked_by"": ""EpiLogos/O-I#29;EpiLogos/Central#24(PR);EpiLogos/Workcell#18(PR)"", ""maintenance"": {""updated_at"": ""2026-09-06"", ""change_refs"": [""codex:thread:01a07608-d2ec-7b10-9713-74c445adf8a5""]}, ""last_reconciled_at"": ""2026-09-06T14:30:24.356014+00:00""}",
A4->H1,relation,suite-relations,A4,H1,[],,,,,agent-inference,O-I:docs/CANONICAL-PRODUCT-FIELD.md|QL-MEF#19(PR),,,,14:agency-embodiment,H,"{""src_product"": ""Workcell"", ""dst_product"": ""Actuation"", ""ql"": ""D2-complete.inverse"", ""cf_view"": ""CF5-field"", ""seam"": ""14:agency-embodiment"", ""defined_in"": ""O-I:docs/CANONICAL-PRODUCT-FIELD.md|QL-MEF#19(PR)"", ""tracked_by"": ""EpiLogos/O-I#29;EpiLogos/Actuation#1;EpiLogos/Workcell#18(PR)"", ""maintenance"": {""updated_at"": ""2026-09-06"", ""change_refs"": [""codex:thread:01a07608-d2ec-7b10-9713-74c445adf8a5""]}, ""last_reconciled_at"": ""2026-09-06T14:30:24.356014+00:00""}",
A4->H2,relation,suite-relations,A4,H2,[],,,,,agent-inference,O-I:docs/CANONICAL-PRODUCT-FIELD.md|QL-MEF#19(PR),,,,24:context-materialisation,S,"{""src_product"": ""Workcell"", ""dst_product"": ""AIKit"", ""ql"": """", ""cf_view"": ""CF5-field"", ""seam"": ""24:context-materialisation"", ""defined_in"": ""O-I:docs/CANONICAL-PRODUCT-FIELD.md|QL-MEF#19(PR)"", ""tracked_by"": ""EpiLogos/O-I#29;EpiLogos/ai-kit#58(PR);EpiLogos/Workcell#18(PR)"", ""maintenance"": {""updated_at"": ""2026-09-06"", ""change_refs"": [""codex:thread:01a07608-d2ec-7b10-9713-74c445adf8a5""]}, ""last_reconciled_at"": ""2026-09-06T14:30:24.356014+00:00""}",
A4->H3,relation,suite-relations,A4,H3,[],,,,,agent-inference,O-I:docs/CANONICAL-PRODUCT-FIELD.md|QL-MEF#19(PR),,,,34:development-materialisation,H,"{""src_product"": ""Workcell"", ""dst_product"": ""Factory"", ""ql"": ""D2-transform.inverse"", ""cf_view"": ""CF5-field"", ""seam"": ""34:development-materialisation"", ""defined_in"": ""O-I:docs/CANONICAL-PRODUCT-FIELD.md|QL-MEF#19(PR)"", ""tracked_by"": ""EpiLogos/O-I#29;EpiLogos/agent-system-design#142(PR);EpiLogos/Workcell#18(PR)"", ""maintenance"": {""updated_at"": ""2026-09-06"", ""change_refs"": [""codex:thread:01a07608-d2ec-7b10-9713-74c445adf8a5""]}, ""last_reconciled_at"": ""2026-09-06T14:30:24.356014+00:00""}",
A4->H4,relation,suite-relations,A4,H4,[],,,,,agent-inference,O-I:docs/CANONICAL-PRODUCT-FIELD.md|QL-MEF#19(PR),,,,conjugation:Workcell,H,"{""src_product"": ""Workcell"", ""dst_product"": ""Workcell"", ""ql"": ""D1.inverse"", ""cf_view"": ""CF5-field"", ""seam"": ""conjugation:Workcell"", ""defined_in"": ""O-I:docs/CANONICAL-PRODUCT-FIELD.md|QL-MEF#19(PR)"", ""tracked_by"": ""EpiLogos/O-I#29;EpiLogos/Workcell#18(PR)"", ""maintenance"": {""updated_at"": ""2026-09-06"", ""change_refs"": [""codex:thread:01a07608-d2ec-7b10-9713-74c445adf8a5""]}, ""last_reconciled_at"": ""2026-09-06T14:30:24.356014+00:00""}",
A4->H5,relation,suite-relations,A4,H5,[],,,,,agent-inference,O-I:docs/CANONICAL-PRODUCT-FIELD.md|QL-MEF#19(PR),,,,45:actuality-formal-intelligence,H,"{""src_product"": ""Workcell"", ""dst_product"": ""QL"", ""ql"": ""D2-require.inverse"", ""cf_view"": ""CF5/CF6-field"", ""seam"": ""45:actuality-formal-intelligence"", ""defined_in"": ""O-I:docs/CANONICAL-PRODUCT-FIELD.md|QL-MEF#19(PR)"", ""tracked_by"": ""EpiLogos/O-I#29;EpiLogos/Workcell#18(PR);EpiLogos/QL-MEF#19(PR)"", ""maintenance"": {""updated_at"": ""2026-09-06"", ""change_refs"": [""codex:thread:01a07608-d2ec-7b10-9713-74c445adf8a5""]}, ""last_reconciled_at"": ""2026-09-06T14:30:24.356014+00:00""}",
A4->A0,relation,suite-relations,A4,A0,[],,,,,agent-inference,O-I:docs/CANONICAL-PRODUCT-FIELD.md|QL-MEF#19(PR),,,,04:ground-materialisation,W,"{""src_product"": ""Workcell"", ""dst_product"": ""Central"", ""ql"": """", ""cf_view"": ""CF5/CF6-field"", ""seam"": ""04:ground-materialisation"", ""defined_in"": ""O-I:docs/CANONICAL-PRODUCT-FIELD.md|QL-MEF#19(PR)"", ""tracked_by"": ""EpiLogos/O-I#29;EpiLogos/Central#24(PR);EpiLogos/Workcell#18(PR)"", ""maintenance"": {""updated_at"": ""2026-09-06"", ""change_refs"": [""codex:thread:01a07608-d2ec-7b10-9713-74c445adf8a5""]}, ""last_reconciled_at"": ""2026-09-06T14:30:24.356014+00:00""}",
A4->A1,relation,suite-relations,A4,A1,[],,,,,agent-inference,O-I:docs/CANONICAL-PRODUCT-FIELD.md|QL-MEF#19(PR),,,,14:agency-embodiment,H,"{""src_product"": ""Workcell"", ""dst_product"": ""Actuation"", ""ql"": ""D3:C2"", ""cf_view"": ""CF5-field"", ""seam"": ""14:agency-embodiment"", ""defined_in"": ""O-I:docs/CANONICAL-PRODUCT-FIELD.md|QL-MEF#19(PR)"", ""tracked_by"": ""EpiLogos/O-I#29;EpiLogos/Actuation#1;EpiLogos/Workcell#18(PR)"", ""maintenance"": {""updated_at"": ""2026-09-06"", ""change_refs"": [""codex:thread:01a07608-d2ec-7b10-9713-74c445adf8a5""]}, ""last_reconciled_at"": ""2026-09-06T14:30:24.356014+00:00""}",
A4->A2,relation,suite-relations,A4,A2,[],,,,,agent-inference,O-I:docs/CANONICAL-PRODUCT-FIELD.md|QL-MEF#19(PR),,,,24:context-materialisation,S,"{""src_product"": ""Workcell"", ""dst_product"": ""AIKit"", ""ql"": """", ""cf_view"": ""CF5-field"", ""seam"": ""24:context-materialisation"", ""defined_in"": ""O-I:docs/CANONICAL-PRODUCT-FIELD.md|QL-MEF#19(PR)"", ""tracked_by"": ""EpiLogos/O-I#29;EpiLogos/ai-kit#58(PR);EpiLogos/Workcell#18(PR)"", ""maintenance"": {""updated_at"": ""2026-09-06"", ""change_refs"": [""codex:thread:01a07608-d2ec-7b10-9713-74c445adf8a5""]}, ""last_reconciled_at"": ""2026-09-06T14:30:24.356014+00:00""}",
A4->A3,relation,suite-relations,A4,A3,[],,,,,agent-inference,O-I:docs/CANONICAL-PRODUCT-FIELD.md|QL-MEF#19(PR),,,,34:development-materialisation,H,"{""src_product"": ""Workcell"", ""dst_product"": ""Factory"", ""ql"": ""D3:B2"", ""cf_view"": ""CF5-field"", ""seam"": ""34:development-materialisation"", ""defined_in"": ""O-I:docs/CANONICAL-PRODUCT-FIELD.md|QL-MEF#19(PR)"", ""tracked_by"": ""EpiLogos/O-I#29;EpiLogos/agent-system-design#142(PR);EpiLogos/Workcell#18(PR)"", ""maintenance"": {""updated_at"": ""2026-09-06"", ""change_refs"": [""codex:thread:01a07608-d2ec-7b10-9713-74c445adf8a5""]}, ""last_reconciled_at"": ""2026-09-06T14:30:24.356014+00:00""}",
A4->A4,relation,suite-relations,A4,A4,[],,,,,agent-inference,O-I:docs/CANONICAL-PRODUCT-FIELD.md|QL-MEF#19(PR),,,,self:Workcell,I,"{""src_product"": ""Workcell"", ""dst_product"": ""Workcell"", ""ql"": """", ""cf_view"": ""CF5-field"", ""seam"": ""self:Workcell"", ""defined_in"": ""O-I:docs/CANONICAL-PRODUCT-FIELD.md|QL-MEF#19(PR)"", ""tracked_by"": ""EpiLogos/O-I#29;EpiLogos/Workcell#18(PR)"", ""maintenance"": {""updated_at"": ""2026-09-06"", ""change_refs"": [""codex:thread:01a07608-d2ec-7b10-9713-74c445adf8a5""]}, ""last_reconciled_at"": ""2026-09-06T14:30:24.356014+00:00""}",
A4->A5,relation,suite-relations,A4,A5,[],,,,,agent-inference,O-I:docs/CANONICAL-PRODUCT-FIELD.md|QL-MEF#19(PR),,,,45:actuality-formal-intelligence,H,"{""src_product"": ""Workcell"", ""dst_product"": ""QL"", ""ql"": ""D3:A3"", ""cf_view"": ""CF5/CF6-field"", ""seam"": ""45:actuality-formal-intelligence"", ""defined_in"": ""O-I:docs/CANONICAL-PRODUCT-FIELD.md|QL-MEF#19(PR)"", ""tracked_by"": ""EpiLogos/O-I#29;EpiLogos/Workcell#18(PR);EpiLogos/QL-MEF#19(PR)"", ""maintenance"": {""updated_at"": ""2026-09-06"", ""change_refs"": [""codex:thread:01a07608-d2ec-7b10-9713-74c445adf8a5""]}, ""last_reconciled_at"": ""2026-09-06T14:30:24.356014+00:00""}",
A5->H4,relation,suite-relations,A5,H4,[],,,,,agent-inference,O-I:docs/CANONICAL-PRODUCT-FIELD.md|QL-MEF#19(PR),,,,45:actuality-formal-intelligence,H,"{""src_product"": ""QL"", ""dst_product"": ""Workcell"", ""ql"": ""D2-transform.inverse"", ""cf_view"": ""CF5/CF6-field"", ""seam"": ""45:actuality-formal-intelligence"", ""defined_in"": ""O-I:docs/CANONICAL-PRODUCT-FIELD.md|QL-MEF#19(PR)"", ""tracked_by"": ""EpiLogos/O-I#29;EpiLogos/Workcell#18(PR);EpiLogos/QL-MEF#19(PR)"", ""maintenance"": {""updated_at"": ""2026-09-06"", ""change_refs"": [""codex:thread:01a07608-d2ec-7b10-9713-74c445adf8a5""]}, ""last_reconciled_at"": ""2026-09-06T14:30:24.356014+00:00""}",
A5->A4,relation,suite-relations,A5,A4,[],,,,,agent-inference,O-I:docs/CANONICAL-PRODUCT-FIELD.md|QL-MEF#19(PR),,,,45:actuality-formal-intelligence,H,"{""src_product"": ""QL"", ""dst_product"": ""Workcell"", ""ql"": ""D3:A3"", ""cf_view"": ""CF5/CF6-field"", ""seam"": ""45:actuality-formal-intelligence"", ""defined_in"": ""O-I:docs/CANONICAL-PRODUCT-FIELD.md|QL-MEF#19(PR)"", ""tracked_by"": ""EpiLogos/O-I#29;EpiLogos/Workcell#18(PR);EpiLogos/QL-MEF#19(PR)"", ""maintenance"": {""updated_at"": ""2026-09-06"", ""change_refs"": [""codex:thread:01a07608-d2ec-7b10-9713-74c445adf8a5""]}, ""last_reconciled_at"": ""2026-09-06T14:30:24.356014+00:00""}",
rel.workcell.q0.S,relation,product-field,q0,S,"[""cap.workcell.discovery"", ""cap.workcell.observation"", ""cap.workcell.candidates""]",,,,,agent-inference,ProjectCentral/user/workcell.html#whole-why,,,workcell.html#whole/why,"An Agent can understand a task and still lack the material conditions to carry it out: a writable workspace, a running service, a reachable endpoint or enough resources. Workcell closes that gap. It gives human and Agent work an inspectable computational home, so the purpose of an activity can survive changes in the machinery that makes it possible.",,"{""basis"": ""Exact overview seed text. Capability links follow their existing governing expanded account units; cell placement is editorial inference."", ""seed_ref"": ""workcell:seed:q0"", ""source_unit"": ""whole-why"", ""seed_sha256"": ""55ba602c6410bd60dfc79b3b7717d56e19e1bccb72647a96112dae72181c2423"", ""source_standing"": ""agent-inference"", ""maintenance"": {""updated_at"": ""2026-09-06"", ""change_refs"": [""codex:thread:01a07608-d2ec-7b10-9713-74c445adf8a5""]}, ""last_reconciled_at"": ""2026-09-06T14:30:24.356014+00:00""}",Why?
rel.workcell.q1.S,relation,product-field,q1,S,"[""cap.workcell.planning"", ""cap.workcell.cli"", ""cap.workcell.bindings"", ""cap.workcell.exposure""]",,,,,agent-inference,ProjectCentral/user/workcell.html#whole-what,,,workcell.html#whole/what,"Workcell is a Rust CLI, library and optional control service that prepares and manages computational environments. It turns requirements for workspaces, processes, services, storage and connectivity into provider-backed resources, records how they are bound together, and provides operations to inspect, expose, collect from and release them.",,"{""basis"": ""Exact overview seed text. Capability links follow their existing governing expanded account units; cell placement is editorial inference."", ""seed_ref"": ""workcell:seed:q1"", ""source_unit"": ""whole-what"", ""seed_sha256"": ""0287b28cc09bf4940cb6dcb75ddd963379027f65295a19d005801e5fa08267a0"", ""source_standing"": ""agent-inference"", ""maintenance"": {""updated_at"": ""2026-09-06"", ""change_refs"": [""codex:thread:01a07608-d2ec-7b10-9713-74c445adf8a5""]}, ""last_reconciled_at"": ""2026-09-06T14:30:24.356014+00:00""}",What?
rel.workcell.q2.S,relation,product-field,q2,S,"[""cap.workcell.local-world"", ""cap.workcell.workspace"", ""cap.workcell.services"", ""cap.workcell.release"", ""cap.workcell.reconciliation"", ""cap.workcell.checkpoints"", ""cap.workcell.model-hosting""]",,,,,agent-inference,ProjectCentral/user/workcell.html#whole-how,,,workcell.html#whole/how,"A client describes the material conditions it needs. Workcell discovers available providers, plans a feasible composition and prepares the resulting environment. It returns durable references and bindings through which the client can use native processes and services. Observation and reconciliation show what remains available, what changed and what needs recovery.",,"{""basis"": ""Exact overview seed text. Capability links follow their existing governing expanded account units; cell placement is editorial inference."", ""seed_ref"": ""workcell:seed:q2"", ""source_unit"": ""whole-how"", ""seed_sha256"": ""1fd223c6c0b6b2ea68e8dd04a346a0dfb938f7155d6d4996b58169bf782db6e0"", ""source_standing"": ""agent-inference"", ""maintenance"": {""updated_at"": ""2026-09-06"", ""change_refs"": [""codex:thread:01a07608-d2ec-7b10-9713-74c445adf8a5""]}, ""last_reconciled_at"": ""2026-09-06T14:30:24.356014+00:00""}",How?
rel.workcell.q3.S,relation,product-field,q3,S,"[""cap.workcell.connectivity"", ""cap.workcell.provider-extension"", ""cap.workcell.rich-provider"", ""cap.workcell.credentials""]",,,,,agent-inference,ProjectCentral/user/workcell.html#whole-whereby,,,workcell.html#whole/whereby,Workcell serves people who need understandable infrastructure and clients that need reliable material operations. A person can inspect a plan or a running environment; an Agent can use the same operations through structured interfaces. Replaceable providers supply the physical capabilities while the calling product retains the purpose and identity of its work.,,"{""basis"": ""Exact overview seed text. Capability links follow their existing governing expanded account units; cell placement is editorial inference."", ""seed_ref"": ""workcell:seed:q3"", ""source_unit"": ""whole-whereby"", ""seed_sha256"": ""d82818aae51fbb3b839dc27c9532412271994b8a8c0295e68405deb64b4a0c4c"", ""source_standing"": ""agent-inference"", ""maintenance"": {""updated_at"": ""2026-09-06"", ""change_refs"": [""codex:thread:01a07608-d2ec-7b10-9713-74c445adf8a5""]}, ""last_reconciled_at"": ""2026-09-06T14:30:24.356014+00:00""}",Who / Whereby?
rel.workcell.q4.S,relation,product-field,q4,S,"[""cap.workcell.remote-control"", ""cap.workcell.placement""]",,,,,agent-inference,ProjectCentral/user/workcell.html#whole-context,,,workcell.html#whole/context,"Workcell begins on an ordinary computer with filesystem and host-process facilities. Richer deployments can supply containers, persistent services, remote control, private connectivity and isolated execution. The same material questions apply before work begins, while it runs, after interruption and when resources are retained or released.",,"{""basis"": ""Exact overview seed text. Capability links follow their existing governing expanded account units; cell placement is editorial inference."", ""seed_ref"": ""workcell:seed:q4"", ""source_unit"": ""whole-context"", ""seed_sha256"": ""63cc211dff1f5f956a35cddb45e72a0bde54bd76f0adcdf96d8e1720579ff7e1"", ""source_standing"": ""agent-inference"", ""maintenance"": {""updated_at"": ""2026-09-06"", ""change_refs"": [""codex:thread:01a07608-d2ec-7b10-9713-74c445adf8a5""]}, ""last_reconciled_at"": ""2026-09-06T14:30:24.356014+00:00""}",Where / When?
rel.workcell.q5.S,relation,product-field,q5,S,"[""cap.workcell.collection""]",,,,,agent-inference,ProjectCentral/user/workcell.html#whole-purpose,,,workcell.html#whole/purpose,"Workcell lets the O:I products make their intended activities real without rebuilding infrastructure management inside each product. Central provides durable source and placement intention; AIKit resolves operative requirements; Factory relates environments to developmental work. Workcell returns the material facts of what was prepared and what happened, helping people maintain continuity, inspect consequences and improve the next arrangement.",,"{""basis"": ""Exact overview seed text. Capability links follow their existing governing expanded account units; cell placement is editorial inference."", ""seed_ref"": ""workcell:seed:q5"", ""source_unit"": ""whole-purpose"", ""seed_sha256"": ""1d1c14281caf5dcec9244f6685ebf9a3ecaffd67194e1874c9a76ad1db8d41a9"", ""source_standing"": ""agent-inference"", ""maintenance"": {""updated_at"": ""2026-09-06"", ""change_refs"": [""codex:thread:01a07608-d2ec-7b10-9713-74c445adf8a5""]}, ""last_reconciled_at"": ""2026-09-06T14:30:24.356014+00:00""}",Why-For?
rel.workcell.q3.S0,relation,product-field,q3,S0,"[""cap.workcell.bindings"", ""cap.workcell.candidates""]",,,,,agent-inference,ProjectCentral/user/workcell.html#q3-ownership,,,workcell.html#q3/ownership,Central can preserve source and placement intention while a Workcell reports changed material availability.,,"{""basis"": ""Exact account sentence; cell placement is editorial inference."", ""source_unit"": ""q3-ownership"", ""maintenance"": {""updated_at"": ""2026-09-06"", ""change_refs"": [""codex:thread:01a07608-d2ec-7b10-9713-74c445adf8a5""]}, ""last_reconciled_at"": ""2026-09-06T14:30:24.356014+00:00""}",
rel.workcell.q3.S2,relation,product-field,q3,S2,"[""cap.workcell.bindings"", ""cap.workcell.candidates""]",,,,,agent-inference,ProjectCentral/user/workcell.html#q3-ownership,,,workcell.html#q3/ownership,AIKit can alter its operative deployment choice and keep the Agent relation intact.,,"{""basis"": ""Exact account sentence; cell placement is editorial inference."", ""source_unit"": ""q3-ownership"", ""maintenance"": {""updated_at"": ""2026-09-06"", ""change_refs"": [""codex:thread:01a07608-d2ec-7b10-9713-74c445adf8a5""]}, ""last_reconciled_at"": ""2026-09-06T14:30:24.356014+00:00""}",
rel.workcell.q3.S3,relation,product-field,q3,S3,"[""cap.workcell.bindings"", ""cap.workcell.candidates""]",,,,,agent-inference,ProjectCentral/user/workcell.html#q3-ownership,,,workcell.html#q3/ownership,Factory can destroy a candidate environment and retain the candidate's developmental history.,,"{""basis"": ""Exact account sentence; cell placement is editorial inference."", ""source_unit"": ""q3-ownership"", ""maintenance"": {""updated_at"": ""2026-09-06"", ""change_refs"": [""codex:thread:01a07608-d2ec-7b10-9713-74c445adf8a5""]}, ""last_reconciled_at"": ""2026-09-06T14:30:24.356014+00:00""}",
